Question,Gold Answer,minirag
Which game does Ileana mention for its unique world and storytelling?,Horizon Zero Dawn,"Ileana mentions ""Horizon Forbidden West"" as a game that she is really into due to its stunning world and engaging gameplay mechanics, along with a compelling story. This game stands out for its immersive world, diverse environments, and engaging story that keeps players intrigued as they navigate through challenging combat scenarios."
What was the exact date and time when Cersei Lannister first met Jaime Lannister in the Game of Thrones series?,Insufficient information,"There is no specific date and time mentioned in the provided data for when Cersei Lannister first met Jaime Lannister. The data discusses various aspects related to the character development of Jaime Lannister, including his journey and transformation, but does not provide details about the introduction of these two characters. Therefore, we cannot pinpoint an exact date and time for their first meeting based solely on the given information."
What type of pizza does WolfgangSchulz prefer?,margherita,"Based on the conversations shared, WolfgangSchulz expresses a preference for classic margherita pizza, describing it as ""simple but so good."" However, he also mentions enjoying a variety of pizza types, including a new place downtown that he's heard good things about. Despite this, his favorite remains the classic margherita pizza. There isn't a definitive mention of him having a specific preference for a particular style or topping beyond the margherita."
What playing style is associated with Guardiola's Barcelona team?,Tiki-taka,"Based on the information provided, Pep Guardiola, who was known for his innovative playing style, managed Barcelona during his tenure. During his time with the club, he emphasized possession-based football, where the team would control the ball and dictate the pace of the game. Guardiola was famous for creating fluid attacking plays and utilizing a high pressing system to gain possession quickly and efficiently. His teams would often have a balanced approach, combining technical skill with tactical awareness, which contributed significantly to Barcelona's success."
Where do they plan to meet for soccer practice?,the local park,"Based on the information provided, the group has discussed various times and locations for their soccer practice sessions. In the conversation between LiHua and JakeWatson on September 25th, 2026, at 17:00 (3:00 PM), they decide to meet at the park for a practice session. Later, on October 3rd, 2026, at 12:00 (noon), LiHua invites JakeWatson to be the goalkeeper for their soccer training session, and they plan to meet at the usual spot, which is presumably the same park or field they previously practiced at. Furthermore, on September 3rd, 2026, at 17:00 (5:00 PM), they agree to meet at the usual spot for a practice session focusing on shooting. Therefore, the most recent confirmed meeting place for their soccer practice is the park, although the exact date and time vary based on the conversations recorded."
How does LiHua feel about the bench press challenge proposed by JenniferMoore?,LiHua feels pretty strong and is up for the challenge,"LiHua expresses enthusiasm for the bench press challenge proposed by JenniferMoore. She acknowledges her recent strength gains and confidently states, ""Yeah, I'm up for the challenge! Let's do it! 🏋️‍♂️."" LiHua is eager to take on the increased weight and looks forward to the workout session. Her response indicates a positive attitude towards the challenge, showing her readiness to engage with the physical activity."
What is JenniferMoore's reminder to LiHua about on 20260919?,Getting enough protein after workouts,"On September 19, 2026, at 10:00 AM, Jennifer Moore reminded Li Hua to ensure he was getting enough protein after their workouts. She emphasized the importance of protein for maintaining a fit physique and offered to provide any necessary tips on protein sources if needed. Additionally, Jennifer asked if Li Hua had any fun plans for the weekend, indicating her interest in social engagements beyond their regular workout sessions."
Which character's dynamic with Cersei is mentioned as complicated?,Jaime,"The dynamic between Cersei and Jaime Lannister is mentioned as particularly complicated. Throughout the series, Jaime's journey is characterized by a significant transformation from a villainous knight to a complex and emotionally vulnerable figure. This transformation is deeply intertwined with his relationship with Cersei, who pushes him to confront his moral compass and the realities of her character. Their relationship is fraught with tension, as Jaime grapples with his love for Cersei and his growing realization of her toxic nature. This complexity is further highlighted by the pivotal moment in Season 7 when Jaime decides to confront Cersei, marking a crucial turning point in his character arc."
What game has Gavriel been hooked on recently for its blend of RPG elements and social simulation?,Persona 5 Royal,"Based on the conversation, Gavriel has been particularly interested in ""Persona 5 Royal."" This game offers a unique blend of RPG elements and social simulation, providing a strategic and deep gameplay experience while also offering a rich narrative and character development. The game's combination of turn-based combat, strategic planning, and social interactions within the story seems to align well with Gavriel's preference for turn-based combat, as he enjoys games that allow thoughtful planning of moves without feeling rushed. Additionally, the storyline in ""Persona 5 Royal"" is noted for its emotional depth and compelling character arcs, which resonates with Gavriel's appreciation for storytelling and narrative elements in games."
"What does LiHua predict will happen in ""The Rings of Power""?",Epic battles and alliances forming,"In the discussion recorded on September 22, 2026, LiHua expressed several predictions regarding the future of ""The Rings of Power."" LiHua shared his enthusiasm for the series, highlighting its stunning visuals and how it explores the rich lore of Middle-earth. He mentioned that he is particularly looking forward to diving deeper into the characters' stories. When asked about the potential direction of the series, LiHua predicted that there would be significant developments in terms of character relationships and storytelling. He anticipated that the series would involve epic battles and the formation of alliances, which would increase the tension and complexity of the narrative. LiHua also expressed anticipation for how the series would unfold, suggesting that the story would lead to a ""something big"" as the characters face increasing challenges and the stakes become higher. These predictions indicate that LiHua is eager to follow the series closely and anticipate the unfolding of its narrative."
What does EmilyBurnett think about the future relevance of Westworld's themes?,They will become even more crucial as technology advances,"EmilyBurnett expresses a clear view on the future relevance of the themes explored in Westworld. In one of the conversations, LiHua asks EmilyBurnett if she thinks the show's themes about consciousness, free will, and human-machine relations will remain relevant in the future, given the rapid advancements in artificial intelligence (AI). EmilyBurnett emphatically states, ""Absolutely! As technology advances, those questions about free will and ethics will become even more crucial. It's like we're on the brink of a lot of moral dilemmas just like they explore in Westworld."" This indicates that EmilyBurnett believes the themes in Westworld are not only timeless but also highly relevant to contemporary issues, especially concerning the ethical implications of creating sentient beings and the challenges of distinguishing between humans and robots."
When does Li Hua ask Jennifer Moore about adjusting the protein in her meal plan?,20260122,"Li Hua asks Jennifer Moore about adjusting the protein in her meal plan in a conversation recorded on November 20, 2026, at 20:00. In this interaction, Li Hua expresses a desire to increase her protein intake, particularly for her workouts, and seeks suggestions on how to incorporate more protein into her meals. Jennifer Moore offers advice and recommends lean meats and protein-rich snacks to boost protein content. This query and subsequent discussion highlight Jennifer's ongoing support and advice for Li Hua's fitness regimen."
What feedbacks does Hailey ask from LiHua in July?,feedback on the bread delivery service & customer feedback on a new line of artisanal donuts,"In July, Hailey Johnson reached out to Li Hua for feedback on her recent special summer promotion on ice cream and pastries. Specifically, she asked Li Hua whether she had tried the promotional items and if she had any special requests for future offerings. Li Hua responded positively, expressing that she had enjoyed the promotion and did not have any specific requests at the time. Hailey expressed her gratitude for the feedback and invited Li Hua to provide any further suggestions or ideas she might have."
Which game does Jareth praise for its storytelling in side quests?,The Witcher 3,"Based on the conversation, Jareth praises ""The Witcher 3"" for its storytelling in side quests. Specifically, Jareth mentions that he enjoys the variety and richness of the quests in ""The Witcher 3,"" noting that they are ""rich and engaging."" Additionally, Jareth highlights the humor and the comedic moments that occur within the quests, mentioning Dandelion's adventures and antics, which add to the enjoyable experience. This indicates that Jareth values not only the depth of the main story but also the side quests and the unique storytelling elements they bring to the game."
"What new species of flowers will be featured in the community garden renovation, according to the feedback provided by Li Hua during the progress reports?",Insufficient information,"During the community garden renovation discussions, Li Hua suggested including lavender and coneflowers. Specifically, Li Hua proposed incorporating these flowers into the flower beds, which she believed would be beneficial for attracting more butterflies and bees due to their beauty and low maintenance requirements. These flowers were specifically mentioned in the feedback provided by Li Hua, indicating that they were considered for the garden renovation project. No other new species of flowers were explicitly stated as additions during the recorded conversations."
Is the time interval more than 3 days between LiHua first asking Adam if he can buy a small fridge for the basement and Adam asking LiHua about the size of the fridge?,Yes,"No, the time interval between LiHua first suggesting the idea of getting a small fridge for the basement and Adam asking about the size of the fridge is less than three days. Specifically, LiHua mentions the idea on November 10th at 11:00 AM, and Adam asks about the size of the fridge on November 16th at 16:00. This period spans only six days. Therefore, the time interval does not exceed three days."
What does RexxarRemar suggest to have available to keep everyone hydrated during the picnic?,water and drinks,"During the picnic planning discussion, RexxarRemar suggests ensuring that there is plenty of water and drinks available to keep everyone hydrated, especially considering they will be outside for a while. He emphasizes the importance of staying hydrated, particularly in warmer weather conditions. Additionally, he proposes setting up a small drink station with water and some refreshments to accommodate everyone's hydration needs."
What local dish did WolfgangSchulz try in Prague?,goulash,"In the conversation, WolfgangSchulz mentions that he didn't get a chance to try much when he was in Prague, but he remembers the goulash being ""really hearty and tasty."" This suggests that goulash is a local dish in Prague that WolfgangSchulz tried and enjoyed."
"Did Yuriko tell Li Hua about booking a seat at the ""Central Perk"" cafe before Li Hua sent her a message to confirm the details of their next meeting?",Yes,"Yes, according to the messages shared, Yuriko had already booked a seat at ""Central Perk"" café for the meeting scheduled for 3 pm tomorrow. Specifically, Yuriko sent a message to Li Hua stating, ""Hey Li Hua! 😊 Just wanted to let you know I booked a seat at 'Central Perk' café for tomorrow at 3pm. Looking forward to our chat about my studio's homepage!"" Li Hua responded positively, saying, ""Sounds great! Central Perk is such a cozy place. Can't wait to meet up and brainstorm some ideas for your homepage. See you tomorrow! 🌟"". Thus, Yuriko informed Li Hua about the seating arrangement at ""Central Perk"" café before Li Hua confirmed the details of their meeting."
"What payment method did Li Hua use to purchase groceries from the store on April 15, 2026?",Insufficient information,"There is no information provided in the given data regarding Li Hua purchasing groceries from a store on April 15, 2026. The transactions detailed in the source content relate to rent payments, orders from Hailey's Bakery, and other personal matters, none of which involve grocery purchases. Therefore, we cannot determine the payment method used for such a transaction based on the information provided."
What topics will be covered in the community medical knowledge lecture?,Basics of common health issues and how to prevent them,"In the community medical knowledge lecture scheduled for 7 PM this Saturday, ChaeSong-hwa intends to cover basic health issues and common medical myths. This event is aimed at the community and seeks to provide attendees with helpful health tips and preventable measures. LiHua expressed interest in attending and hopes to gain valuable insights from the lecture."
Did Wolfgang ask Li Hua if she wants to have pizza for dinner after work today before he wondered if she wanted to have Sichuan hot pot for dinner tonight?,No,"No, Wolfgang did not inquire about having pizza for dinner after work before suggesting Sichuan hot pot for dinner tonight. In the conversation regarding the Sichuan hot pot dinner, Wolfgang asks Li Hua if they should aim for around 7 pm to give themselves enough time to get ready. He then states, ""I'm a fan of that new pizza place downtown. Heard they have some amazing toppings! What do you think?"" This indicates that the suggestion for pizza came after the discussion about Sichuan hot pot."
Which game does LiHua mention he's been playing on 20260920?,Call of Duty: Warzone,"On the date of 20260920_16:00, LiHua engaged in a conversation with Thane Chambers. In this exchange, LiHua inquired about Thane's favorite first-person shooter game. LiHua responded by saying, ""I gotta say, I'm really into 'Call of Duty: Warzone' lately! The battle royale mode is super fun!"" Therefore, the game that LiHua mentions he's been playing on 20260920 is 'Call of Duty: Warzone'."
What is Thane's favorite type of food that he enjoys while playing video games?,Insufficient information,"There is no specific mention of Thane's favorite type of food that he enjoys while playing video games. The interactions between Thane Chambers and Li Hua primarily revolve around discussing various aspects of gaming, including titles, gaming preferences, and activities related to gaming, but there is no direct reference to him enjoying any particular food item while playing. Therefore, based on the information provided, we cannot determine Thane's favorite type of food associated with gaming sessions."
What song does Yuriko propose that the band can practice this weekend according to the band's discussion on 20260703?,Take Me Home Country Roads by John Denver,"Based on the discussions in the source content from 20260703, it seems that WolfgangSchulz proposed mixing it up and playing any songs they liked for their band gathering at the end of the year. However, no specific song or activity related to Yuriko's proposal for the band to practice this weekend is mentioned. The conversation focused on ideas for the upcoming year-end celebration, including seasonal songs and festive vibes. Therefore, no particular song is indicated as a practice activity for Yuriko."
What type of passes does Briar suggest adding to the practice?,Quick one-twos,"In the discussion, Briar mentions suggesting adding quick one-twos to the practice session to keep stamina up. However, there is no specific mention of other types of passes Briar recommends. Therefore, based on the information provided, the only pass type Briar suggests is the ""one-two."""
What song did Yuriko and Wolfgang decide to perform together after watching the drum tutorial?,Insufficient information,"After reviewing the conversation between YurikoYamamoto and WolfgangSchulz, it seems they were discussing potential songs to play together after watching the advanced drum techniques tutorial. Specifically, Yuriko expressed enthusiasm about performing classic rock songs, mentioning that she thought classic rock would suit Wolfgang's voice perfectly. Wolfgang responded positively, indicating he was open to collaborating on a classic rock medley. However, the exact song they decided to perform together is not specified in the given data. They mentioned considering ""Hotel California"" and ""Sweet Home Alabama"" for their medley, which would likely be performed together during their jam session. Without further details, it is not possible to determine the specific song they chose to perform after the drum tutorial."
What could Jaime and Brienne have done to rebuild trust according to Merrick?,Worked on rebuilding trust through actions rather than just words,"According to Merrick's statements, Jaime and Brienne could have taken several steps to rebuild trust and their standing in Westeros. Specifically, Merrick suggests that Jaime could have shown his dedication to honor and duty, aligning himself more closely with Brienne's values as a noble warrior. This would have demonstrated a commitment to integrity and ethical leadership, which could have gradually won over the hearts and minds of the people in Westeros. Additionally, Merrick believes that they could have focused on helping the common people, which would have been a powerful way to show their genuine commitment to change and a safer future for everyone. By engaging in justice reform and setting up a council to hear the grievances of the common people, Jaime and Brienne could have reshaped their legacy significantly, potentially leading to a renaissance in Westeros."
What was the final match score of the 2025 UEFA Champions League final?,Insufficient information,"There is no information provided in the given data regarding the final match score of the 2025 UEFA Champions League final. The data focuses on various aspects related to football, including the 2011 Champions League Final, matches between Liverpool and Manchester, discussions about different football clubs like Barcelona and Real Madrid, and historical events such as the 2014 World Cup. There is no specific mention of the 2025 UEFA Champions League final or its score."
What color was the curtain that Li Hua chose for his living room?,Insufficient information,There is no information provided in the given conversation about the color of the curtain that Li Hua purchased. The interactions focus on the delivery of the curtains and subsequent arrangements for their installation. Specific details about the color or pattern of the curtains are not mentioned.
What type of equipment does Wolfgang Schulz use when he works out at the gym?,Insufficient information,"Based on the information provided, Wolfgang Schulz engages in various types of workouts at the gym. In one of the conversations, Wolfgang mentions being interested in trying a kickboxing class, indicating that he uses equipment like boxing gloves, pads, and possibly a boxing ring or mat. Additionally, his enthusiasm for trying new classes suggests that he likely uses different pieces of gym equipment for each class. However, the conversation does not specify the exact equipment he uses during workouts or at home. Overall, Wolfgang's interest in diverse classes implies a varied approach to his fitness regimen involving various gym equipment and modalities."
"Did Wolfgang ask Li Hua about watching ""Star Wars: A New Hope"" after he asked Li Hua about going to see ""Overwatch 3""?",Yes,"No, Wolfgang did not inquire about watching ""Star Wars: A New Hope"" after he asked Li Hua about attending ""Overwatch 3"". According to the conversation records, Wolfgang initially asked Li Hua about ""Overwatch 3"" in a message dated 20260121_13:00. Subsequently, Wolfgang expressed interest in watching ""Star Wars: A New Hope"" with Li Hua in a separate message dated 20261009_17:00, which occurred two days later. Thus, Wolfgang's query about ""Star Wars: A New Hope"" came after the mention of ""Overwatch 3""."
What drinks does WolfgangSchulz want to have while watching the movie?,Soda and juice,"In one of the conversations, WolfgangSchulz mentions wanting to have some soda and juice for the movie night. Specifically, the dialogue states:> WolfgangSchulz: Just some soda and juice will be perfect. Can't wait for the movie night! 🚀🎥Therefore, WolfgangSchulz intends to have soda and juice while watching the movie."
"What aspect of ""Black Myth: Wukong"" does LiHua find the most impressive?",the visuals,"LiHua finds several aspects of ""Black Myth: Wukong"" impressive, based on the conversations shared. In one instance, LiHua mentions that the visuals are stunning, and in another, he highlights the dynamic gameplay and immersive story. However, the most emphasized aspect seems to be the combination of the game's visuals and storytelling. Specifically, LiHua describes the game as ""an enjoyable video game"" and notes that the visuals are ""insane"" and the storytelling is ""top-notch."" This suggests that the visual aesthetics and the captivating narrative combined are the primary reasons LiHua finds the game impressive."
Did Adam Smith send Li Hua a reminder about the upcoming rent due date before Li Hua sent a message about having already transferred the rent on 20260301?,Yes,"No reminders about the rent were sent by Adam Smith before Li Hua informed him that she had already transferred the rent on March 1, 2026. Specifically, in the log entry dated 20260301_10:00, Li Hua informs Adam Smith that she has already transferred the rent through bank transfer, and in the subsequent entry on March 31, 2026, Li Hua confirms that she has transferred this month's rent. There is no record of Adam Smith sending a reminder regarding the rent prior to these exchanges."
What is Li Hua's opinion on the characters in Succession?,Intense family dynamics and business war,"In the conversations recorded, Li Hua expresses varied opinions on the characters in Succession, particularly focusing on Kendall. While acknowledging the intense and intriguing nature of the show, Li Hua discusses Kendall's motivations, which Li Hua describes as complex, involving Kendall's attempts to prove himself both to his father and the world. Li Hua also notes the significant pressure Kendall faces due to the family legacy, which Li Hua perceives as weighing heavily on him. Li Hua mentions the intense dynamic between Kendall and his father, Logan, suggesting that it forms a toxic cycle that Kendall seems unable to escape from. Li Hua also points out the recurring theme of betrayal, which seems to perpetuate Kendall's relentless pursuit of power. Overall, Li Hua views the characters in Succession as deeply flawed and compelling, driven by powerful and sometimes destructive motivations."
What is the opportunity that makes Wolfgang and Yuriko acquaitances?,LiHua introduce them to each other by saying that they can play music together every Sunday,"Wolfgang and Yuriko become acquainted through LiHua, who organizes virtual conversations and jam sessions. These events provide Wolfgang and Yuriko with opportunities to interact, share their musical interests, and collaborate on jam sessions. Specifically, Wolfgang mentions that LiHua suggests Yuriko contribute a track to the band's performance lineup for the Local Music Festival, highlighting the professional and social connections facilitated by LiHua. Additionally, Wolfgang and Yuriko engage in discussions about music and express excitement for potential future jam sessions and collaborations. Through these interactions, Wolfgang and Yuriko establish a friendly rapport and mutual interest in music, which strengthens their acquaintance."
What tips does Jennifer give to LiHua about preventing muscle soreness after a tough workout?,make sure to warm up properly before workouts and cool down afterward & Stretching & Stay hydrated and consider foam rolling post-session to help with recovery,"Jennifer provides several practical tips to LiHua for preventing muscle soreness after a tough workout. According to Jennifer, it is essential to warm up properly before workouts and cool down afterward. Stretching is key to this process, helping to keep the muscles flexible and reducing the likelihood of soreness. Additionally, staying well-hydrated is crucial, and Jennifer suggests considering foam rolling post-session to aid in recovery. She also recommends LiHua to listen to her body and take it easy if needed during recovery periods. These steps should help LiHua maintain a healthy level of soreness and injury risk after intense workouts."
"Which boss did Gavriel struggle with the most in ""Octopath Traveler""?",The final boss,"In ""Octopath Traveler,"" Gavriel mentioned that he struggled the most with the final boss, indicating it was a particularly challenging encounter for him. However, the exact name of the boss wasn't specified in the provided text. Throughout the discussion, Gavriel noted that the final boss was intense and required careful preparation and adaptation to the boss's mechanics. He emphasized the importance of timing and the necessity of building up boost points early on to unleash powerful attacks when needed. Given Gavriel's detailed account, it seems the final boss presented significant difficulties, likely due to its complex and multi-phase nature, requiring strategic adjustments throughout the battle."
