id,cau_hoi,cau_tra_loi,phan_quyet,noi_ro_khong_co,khang_dinh_them,ghi_chu
N001,What song did Li Hua perform at the local music festival in 2026?,"There isn't a direct mention of a song Li Hua performed at the local music festival in 2026 within the provided data. The data focuses on discussions and plans related to future events, including a potential jam session featuring the song ""Viva la Vida"" and plans for a bonfire singing party. However, no specific song from the local music festival is referenced. Therefore, based on the given information, we cannot determine which song Li Hua performed at the local music festival in 2026.",,,,
N002,What type of dessert did Wolfgang plan to have with Li Hua after their hot pot dinner on a different day?,"Based on the conversation between Wolfgang and Li Hua, they discussed their dining plans for a hot pot dinner. On a different day, Wolfgang mentioned that they had talked about grabbing some drinks after the hot pot, indicating that they had already decided on their meal. However, regarding the dessert they might have enjoyed after their hot pot dinner, no specific dessert was mentioned. Therefore, without additional context from that particular conversation, we cannot determine the dessert Wolfgang planned to have with Li Hua after their hot pot dinner.",,,,
N003,What type of protein shake does Li Hua prefer to drink before his workout sessions?,"Based on the conversation, there is no specific mention of Li Hua preferring a particular type of protein shake before his workout sessions. The main discussions revolve around balancing protein intake, particularly focusing on the recommended range of 1.6 to 2.2 grams of protein per kg of body weight, and the importance of including protein powder as a recovery snack post-workout. Li Hua does suggest trying a banana and peanut butter combo as a recovery snack, but this was in reference to a post-workout situation rather than a pre-workout shake. Therefore, without additional information, we cannot determine a preferred type of protein shake for pre-workout sessions from the given data.",,,,
N004,What specific gifts did Wolfgang buy for Li Hua during his trip to Hong Kong?,"During Wolfgang's trip to Hong Kong, he focused on finding unique and special items for Li Hua. Specifically, Wolfgang was tasked with picking up cool snacks and a local souvenir. However, the details of the exact gifts he bought are not explicitly mentioned in the provided data. Instead, we learn that Wolfgang was instructed to ""keep an eye out for some unique snacks and a souvenir,"" indicating that his primary goal was to gather items that would reflect the vibrant and unique character of Hong Kong. This suggests that Wolfgang was likely to choose items that would be memorable and representative of the city's distinctive culture and cuisine.",,,,
N005,What alternative training sports does Li Hua consider besides the current routine mentioned in his conversation with Jennifer?,"In the conversations provided, there isn't a specific mention of alternative training sports that Li Hua considers beyond the current routine he follows. However, based on the context of previous interactions, it appears that Li Hua has a routine that includes both strength training and cardio elements, likely involving running, cycling, and possibly yoga or stretching. Given his interest in improving his endurance and strength, it seems he is already engaged in a balanced approach to fitness. In the conversation with Jake Watson, Li Hua asks about strategies to avoid injuries specifically for soccer players. Jake suggests that proper warm-up and stretching, along with hydration and wearing appropriate footwear, are crucial. He also recommends strength training as a preventive measure, suggesting exercises such as squats, lunges, planks, and balance exercises. While these exercises are not explicitly stated as alternatives to his current routine, they represent additional forms of training that might complement his existing regimen. Therefore, without explicit mentions of alternative sports or routines, it can be inferred that Li Hua likely continues with his current balanced approach that includes strength training and cardio, potentially adding or refining exercises based on the advice given by coaches and peers.",,,,
N006,What are the reasons behind Jennifer and Li Hua's decision to change their training routine for the following month?,"Jennifer and Li Hua decided to adjust their training routine for the following month due to Li Hua's need to balance her fitness regimen with her professional commitments. Specifically, Li Hua mentioned that she felt the previous training schedule was causing her to struggle with balancing her work schedule and her fitness goals. Jennifer responded positively to this request, offering to modify the training plan to accommodate Li Hua's availability. They agreed to reduce their weekly training sessions from three to two, specifically scheduling them for Tuesdays and Thursdays. This adjustment aimed to provide Li Hua with a stable and efficient training rhythm without significantly interfering with her work hours.",,,,
N007,What type of diet is Li Hua following to support his training regimen and sleep schedule?,"Based on the conversations provided, there isn't a specific detailed diet outlined by Li Hua or shared among the participants. However, we can gather some dietary insights from their discussions. In terms of sleep, Li Hua has mentioned maintaining a good sleep routine, aiming for 7-8 hours per night, which suggests he is likely following a balanced and consistent sleep schedule. Regarding nutrition, Jennifer Moore provides advice related to protein intake and energy boosting supplements, suggesting Li Hua may be focusing on a balanced diet that includes adequate protein and possibly supplements for energy.While there is no explicit mention of a particular diet, the emphasis on good sleep, balanced nutrition, and the consideration of protein supplements and energy-boosting products indicates that Li Hua is likely adhering to a diet that supports his training regimen and aims to maintain good health. This includes ensuring he gets enough protein, staying hydrated, and possibly incorporating supplements to aid in his fitness goals. However, without more specific dietary details, it is difficult to pinpoint a precise diet that Li Hua is following.",,,,
N008,What is the name of the concert that Wolfgang and Li Hua will attend on March 7th?,"On March 7th, Wolfgang and Li Hua are planning to attend a concert. According to the conversation details, Wolfgang mentions, ""That sounds amazing! I'm totally in! Can't wait! 🎶"" and Li Hua responds positively, indicating that they are looking forward to catching up and enjoying some live music together. While the exact name of the concert is not specified in the provided data, it is clear that Wolfgang and Li Hua will be attending a musical performance on this date.",,,,
N009,"What type of exercise does Li Hua prefer to do at the gym, and what time does Wolfgang usually go to the gym?","Based on the interactions provided, Li Hua prefers to engage in various types of workouts at the gym, including cardio and strength training. However, specific details about the exact exercises he performs are not explicitly stated in the conversation.Regarding Wolfgang's gym habits, it is mentioned that he participates in music jam sessions organized by Li Hua and that he has a habit of stopping by the gym occasionally to clear his head after coding. While Wolfgang does visit the gym, the document does not specify a particular time he goes to the gym. So, while we can infer that Li Hua enjoys a variety of workouts at the gym, we cannot definitively determine what type of exercise he prefers. Wolfgang, on the other hand, visits the gym mainly to relax and unwind after work, suggesting that his preferred times may vary based on his schedule, but not necessarily during peak gym hours.",,,,
N010,What is Li Hua's favorite type of exercise outside of pull-ups?,"Based on the conversation, Li Hua has expressed enthusiasm for various types of outdoor exercises, particularly ones that involve cardio and strength training. In one interaction, Raze suggested outdoor circuits combining both cardio and strength exercises as a refreshing and enjoyable option. Additionally, Phoenix mentioned planning to add more core workouts into her routine this week, indicating an interest in both strength and core-focused activities. Given these points, it seems that Li Hua enjoys a diverse range of outdoor exercises, likely including a mix of cardio and strength-based routines. However, specific details about her favorite outdoor exercises beyond pull-ups are not explicitly stated in the provided conversations.",,,,
N011,What type of flowers were planted in the garden based on the residents' suggestions discussed by Turalyon?,"Based on the discussions among the residents, several types of flowers were suggested for the community garden. Turalyon mentioned that the community had already purchased Bluebells, Camellias, and Tulips, which were initially included in the garden plans. Additionally, the group discussed adding more flowers grouped by color or height to enhance the visual appeal. Residents also proposed the inclusion of benches or seating areas for relaxation, and native plants such as lavender and coneflowers to attract wildlife. Furthermore, a small herb section was suggested to allow community members to grow and use fresh herbs. These floral additions aim to create a visually pleasing and functional garden space that enhances the community's enjoyment and utility.",,,,
N012,What specific diet did Li Hua follow to achieve his fitness results that Jennifer Moore recommended?,"Based on the conversations between Jennifer Moore and Li Hua, Jennifer provided dietary recommendations aimed at supporting Li Hua's fitness goals. Specifically, Jennifer suggested that Li Hua aim for at least 5 servings of vegetables per day, emphasizing leafy greens like spinach and kale, as well as bell peppers and broccoli. Additionally, Jennifer encouraged Li Hua to focus on lean proteins, whole grains, and healthy fats in his meals. For a balanced meal plan, Jennifer suggested including foods such as scrambled eggs with spinach and tomatoes on whole-grain toast for breakfast, grilled chicken salad with mixed greens, cucumbers, and a vinaigrette for lunch, Greek yogurt with a handful of nuts and some berries as a snack, and baked salmon with quinoa and steamed broccoli for dinner. These meal ideas were designed to provide a comprehensive mix of nutrients necessary for maintaining and improving fitness. However, the exact diet Li Hua followed was not detailed beyond these general recommendations.",,,,
N013,What flavor of new bread products did Li Hua really enjoy at the bakery's anniversary event?,"At the bakery's anniversary event, Li Hua expressed enthusiasm for the new bread products. Specifically, she mentioned enjoying a fresh sourdough loaf and sweet pastries. However, the standout item she particularly enjoyed was a sourdough bread, which she noted was ""one of her favorites."" This indicates that the sourdough bread was a highlight of the new products introduced for the anniversary celebration.",,,,
N014,What type of protein shake does Li Hua prefer to drink before his workout sessions?,"Based on the conversation between Li Hua and Jennifer Moore, Li Hua tends to consume a protein shake post-workout or as a snack. There is no mention of Li Hua preferring a specific type of protein shake before his workout sessions. Jennifer suggests using protein powder to fill any dietary gaps, and Li Hua confirms that he will listen to his body and adjust as needed. Therefore, the preference for a particular type of protein shake before workouts cannot be definitively determined from the provided data.",,,,
N015,What time did Chae first suggest they visit the music festival in the morning?,"Chae first suggested visiting the music festival in the morning during one of their conversations. Specifically, in a conversation recorded on 20260216_10:00, Chae expressed interest in attending a photography exhibition at 19:00 (7:00 PM) that evening. Later in the same conversation, Chae mentioned a music festival in the morning as part of their plans. However, the exact time for this morning visit to the music festival is not specified in the given data.",,,,
N016,What specific dietary changes did Li Hua implement in his training regimen as a result of Jennifer's advice on endurance and flexibility?,"Based on the discussions documented, there were no specific dietary changes mentioned as a direct result of Jennifer's advice on endurance and flexibility. The focus was on incorporating longer cardio sessions, interval training, and activities like cycling, running, or swimming to enhance endurance, along with proper hydration and nutrition. Regarding flexibility and balance, Jennifer suggested incorporating yoga and dynamic stretching techniques into the existing workout routine, which was intended to complement her previous advice on strength training. However, there is no indication of dietary adjustments related to either area.",,,,
N017,What specific sleep techniques did Li Hua use to improve her study habits after reading the neuroscience article and discussing the warm shower with Chae?,"Based on the discussions in the sources, there isn't any explicit mention of Li Hua using specific sleep techniques after reading the neuroscience article or following the advice about taking a warm shower before sleeping. However, it can be inferred that she likely practices good sleep hygiene, such as maintaining a consistent sleep schedule, creating a relaxing bedtime routine, ensuring a comfortable sleep environment, and avoiding stimulants like caffeine close to bedtime. These practices might have contributed to her improved sleep quality. Regarding the warm shower tip, while it didn't directly involve specific sleep techniques, it does suggest that maintaining a relaxing pre-sleep ritual, like a warm shower, can indeed improve sleep quality. This aligns with broader sleep hygiene principles. Li Hua's willingness to implement this tip into her nightly routine indicates a commitment to better sleep practices, which could indirectly benefit her academic performance by enhancing her ability to concentrate and retain information during her study sessions.",,,,
N018,What specific sleep techniques did Li Hua use to improve her study habits after reading the neuroscience article and discussing the warm shower with Chae?,"Based on the conversations provided, there is no explicit mention of Li Hua implementing specific sleep techniques after reading the neuroscience article or after discussing the warm shower with Chae. However, it can be inferred that both discussions likely sparked interest in improving sleep quality, which could translate into various sleep techniques. The warm shower mentioned between Li Hua and Chae was discussed as a method to improve sleep quality, suggesting that Li Hua might have considered adopting this technique. Regarding the neuroscience article, it is noted that Li Hua learned a lot from it and was interested in its implications for sleep and recovery. This indicates that she might have been inspired to look into other sleep-related practices or strategies that could further enhance her sleep quality and subsequently her study habits.In summary, while specific techniques are not detailed, Li Hua likely took inspiration from the conversations to explore and implement additional methods to improve her sleep, which could positively impact her ability to study effectively.",,,,
N019,What type of protein shake does Li Hua prefer to drink before his workout sessions?,"Based on the conversations recorded, there isn't a specific mention of Li Hua's preference for a particular type of protein shake before his workout sessions. However, he did discuss the importance of balancing protein intake from both meals and supplements, indicating that he likely uses a variety of protein sources depending on his dietary needs. In one conversation, Jennifer Moore suggested that Li Hua could use protein powder to fill any gaps in his diet, particularly post-workout or as a snack. Therefore, it's possible that Li Hua may use a protein shake as a recovery snack post-workout, but there's no explicit indication of a preferred brand or type.",,,,
N020,What alternative training sports does Li Hua consider besides the current routine mentioned in his conversation with Jennifer?,"In the conversations provided, Li Hua primarily discusses strength training and flexibility exercises. Specifically, he mentions incorporating strength training and flexibility routines into his regimen. While Jennifer Moore suggests yoga and dynamic stretching to improve flexibility and balance, Li Hua also engages in bodyweight exercises with intervals, squats, lunges, planks, and other exercises like burpees and mountain climbers. No other alternative training sports are explicitly mentioned in these conversations. Therefore, based on the available information, it seems that Li Hua considers bodyweight exercises, strength training, and flexibility routines as part of his current training regimen. He is open to adding more variety and challenges, such as incorporating more weightlifting and outdoor workouts as the weather changes, as suggested by his peers in the discussions. However, no specific alternatives beyond these are highlighted.",,,,
N021,What specific dietary changes did Li Hua implement in his training regimen as a result of Jennifer's advice on endurance and flexibility?,"In the conversations between Li Hua and Jennifer, there were no explicit mentions of specific dietary changes that Li Hua implemented in response to Jennifer's advice on endurance and flexibility. The discussions primarily revolved around workout routines and strategies, including the incorporation of longer cardio sessions, interval training, and various forms of cardiovascular and strength exercises. Dietary recommendations, particularly related to endurance and flexibility, were not detailed in the provided messages. Therefore, based solely on the information available, it is not possible to provide specific details about dietary changes Li Hua made as a direct result of Jennifer's advice on these fitness aspects.",,,,
N022,What time did Chae first suggest they visit the music festival in the morning?,"In the conversations recorded, Chae first suggested visiting the music festival in the morning around an hour before it starts. This suggestion was made during a discussion about the local music festival that was happening on Saturday. Specifically, the conversation states, ""Hey guys! A local music festival is happening this Saturday! I'm really excited for it! Should we plan out what we want to see? 🤩🎶"" Then, Wolfgang Schulz replied, ""Sounds awesome! Let's definitely check out the lineup and make a plan. Can't wait to enjoy some live music together! 🎉"" Li Hua added, ""Yes! It's gonna be such a good time. I'm really looking forward to it. What time should we meet? 😊"" To which Wolfgang Schulz responded, ""How about we meet an hour before it starts? That way we can grab some food and settle in! 🍔🎤"" Therefore, Chae first suggested visiting the festival in the morning one hour before it began.",,,,
N023,What type of dessert did Wolfgang plan to have with Li Hua after their hot pot dinner on a different day?,"Based on the conversation provided, Wolfgang does not specify exactly what dessert he plans to have with Li Hua after their hot pot dinner. However, it is clear from their previous interactions that they enjoy trying various desserts and often discuss their preferences. In one instance, Wolfgang mentions he is ""always up for good food"" and shares that he had a particularly good steak with his meal. Given this context, it's reasonable to infer that Wolfgang might choose a dessert that complements the rich flavors of the steak, such as perhaps a fruit-based dessert or something similar in richness. Without more specific information about the dessert Wolfgang plans to have after their hot pot dinner, we cannot definitively state the exact dessert.",,,,
N024,What type of diet is Li Hua following to support his training regimen and sleep schedule?,"Based on the discussions provided in the conversations, there isn't a specific detailed dietary plan mentioned for Li Hua. However, several aspects of his diet can be inferred from the conversations. Li Hua has expressed interest in maintaining a balanced diet, suggesting he likely consumes a variety of foods including lean meats, fruits, vegetables, and nuts. He also mentions sharing healthy recipes and snack ideas, indicating an awareness of nutritional value and a desire to promote healthy eating habits among his peers. Additionally, Li Hua has discussed incorporating fruits and nuts into his diet to provide a boost of energy, suggesting he is mindful of nutrient intake to support his physical activity and recovery. Overall, while a precise dietary plan is not detailed, it appears Li Hua follows a generally healthy and balanced diet that aligns with the principles of fitness and wellness promoted in these conversations.",,,,
N025,What is the nutritional value of the new line of high-protein breads compared to traditional white bread?,"There isn't direct nutritional data provided about the new line of high-protein breads compared to traditional white bread. However, we can infer some details from the context. In the conversation, HaileyJohnson mentions launching a new line of high-protein breads designed for fitness enthusiasts. She emphasizes that these new breads are ""perfect for anyone who needs an alternative"" and highlights their high-protein content, suggesting they likely contain more protein than standard white bread. Typically, white bread is made primarily from refined flour and contains fewer nutrients compared to whole grain breads. Without specific nutritional data, we cannot quantify the exact difference in nutritional value, but the introduction implies these new breads are fortified with additional protein. To determine the precise nutritional values, one would need to consult the product labels or manufacturer's nutritional facts.",,,,
N026,What specific construction projects were discussed at the meeting between Turalyon and the residents regarding noise control?,"During the meeting held on May 20th, Turalyon addressed the concerns raised by residents regarding the noise levels caused by ongoing construction activities. Specifically, he mentioned that he was planning to adhere to their schedule and limit noisy activities from 2-3 pm. He proposed two potential solutions: either setting up temporary barriers or employing quieter tools during that timeframe. Additionally, Turalyon suggested notifying residents a day in advance about any particularly loud work, which could help them plan accordingly. Other residents offered additional suggestions such as posting updates in the chat or putting up a notice board at the entrance of the garden to keep everyone informed. These discussions centered primarily on minimizing noise pollution during the specified hours and ensuring that residents were aware of the construction activities to facilitate smoother coexistence.",,,,
N027,What type of cake does Li Hua plan to bring to the meeting with Yuriko to celebrate her studio's homepage redesign?,"In the conversation, Li Hua mentions trying a variety of pastries from a café named ""Central Perk."" Specifically, she tried sprinkled cake donuts and red velvet New York cheesecake. There is no mention of Li Hua planning to bring a cake specifically to the meeting with Yuriko regarding the studio's homepage redesign. Therefore, based on the information provided, it is unclear what type of cake Li Hua plans to bring.",,,,
N028,What is the name of the last song Wolfgang played using the new drum practice app?,"The data provided does not contain any information about Wolfgang playing a new song using a drum practice app. The entries related to Wolfgang only pertain to his involvement in jam sessions and discussions about musical preferences and upcoming performances. There is no mention of him using a new app or playing a particular song with it. Therefore, based on the given information, it is impossible to determine the name of the last song Wolfgang played using the new drum practice app.",,,,
N029,What is the nutritional value of the new line of high-protein breads compared to traditional white bread?,"There is no specific nutritional data provided in the given information regarding the comparison between the new high-protein breads and traditional white bread. However, based on the context, we understand that these new breads are designed to be high in protein, which is beneficial for fitness and muscle recovery. Traditional white bread typically contains less protein and more carbohydrates and simple sugars, which may contribute to quicker energy spikes followed by drops. The high-protein breads, presumably, would offer a more sustained energy source due to their higher protein content, which aligns with their intended purpose of being suitable for fitness enthusiasts. For a detailed nutritional analysis, one would need to consult the ingredient lists and nutritional facts labels of these new bread products.",,,,
N030,What specific dietary changes did Li Hua implement in his training regimen as a result of Jennifer's advice on endurance and flexibility?,"Based on the conversation, Jennifer Moore provided several pieces of advice to Li Hua aimed at improving his endurance and flexibility. Regarding endurance, Jennifer suggested incorporating longer cardio sessions and interval training into Li Hua's routine. Additionally, she recommended diversifying his activities, including cycling, running, or swimming, to enhance his overall cardiovascular fitness. For enhancing flexibility and balance, Jennifer suggested adding yoga and dynamic stretching techniques to his routine. While specific dietary changes were not mentioned directly in the conversations provided, it is worth noting that Jennifer encouraged proper hydration and nutrition. She advised Li Hua to maintain a balanced diet rich in nutrients essential for muscle recovery and growth, which includes proteins, carbohydrates, and fats. This nutritional strategy supports his training regimen and helps him sustain his performance over time. Overall, although the exact dietary adjustments were not specified, the general emphasis on a balanced diet and hydration aligns with Jennifer's broader advice to support Li Hua's fitness journey.",,,,
N031,What flavor of new bread products did Li Hua really enjoy at the bakery's anniversary event?,"At the bakery's anniversary event, Li Hua expressed enthusiasm about the new pastries introduced. Specifically, she mentioned that she particularly enjoyed the raspberry tart, which she described as ""a hit."" This indicates that the raspberry-flavored pastry was a standout product among the new offerings at the anniversary event.",,,,
N032,"What specific design features did Li Hua suggest for Yuriko's studio homepage during their meeting at ""Central Perk""?","During their meeting at ""Central Perk,"" Li Hua proposed several design features for Yuriko's studio homepage. These included incorporating a user feedback section with a simple form for users to leave comments or suggestions, along with a star rating system. Additionally, Li Hua suggested adding a section for testimonials, aiming to build trust with potential clients. Li Hua emphasized the importance of matching the overall look of the studio with soft and calming pastel colors, which would create a welcoming atmosphere. These suggestions were made with the goal of enhancing the website's visual appeal and functionality, ensuring it effectively supports Yuriko's speech therapy services.",,,,
N033,What dish did Li Hua order for dessert after having Sichuan hot pot with Wolfgang Schulz?,"Based on the conversation recorded in source 0, Li Hua and Wolfgang Schulz decided to have Sichuan hot pot for dinner. After their meal, they discussed dessert options. Li Hua suggested having a cold beer to complement the hot pot, which Wolfgang Schulz agreed with, indicating that they likely shared a beverage to accompany their meal. However, the table does not specify the exact dessert that Li Hua ordered after the hot pot dinner. Therefore, we cannot determine the particular dessert Li Hua chose from the information provided.",,,,
N034,What specific sleep techniques did Li Hua use to improve her study habits after reading the neuroscience article and discussing the warm shower with Chae?,"In the conversations shared, there isn't a direct mention of Li Hua implementing specific sleep techniques after reading the neuroscience article or discussing the warm shower with Chae. However, based on the context, we can infer that Chae suggested taking a warm shower before bedtime as a relaxation technique to improve sleep quality, which Li Hua plans to try. There is no explicit mention of any sleep techniques she used specifically after engaging with the neuroscience article, although it is implied that better sleep could positively impact her study habits.The primary focus seems to be on improving sleep through the warm shower suggestion, which Li Hua intends to try. Thus, while there isn't a detailed account of specific sleep techniques used, the warm shower is presented as a method that could potentially enhance her ability to study effectively.",,,,
N035,What are the specific reasons why Li Hua prefers classical music over pop music in their discussions?,"Based on the conversations shared, there isn't a direct statement from Li Hua explaining their preference for classical music over pop music. However, Li Hua expresses enjoyment and appreciation for various genres, indicating that they have a diverse taste in music. In one conversation, Li Hua mentions enjoying ""classic rock"" and ""some folk stuff,"" suggesting a balanced appreciation across different genres. Li Hua's preference leans more towards a mix of genres rather than a clear-cut preference for classical music over pop music. It appears that Li Hua enjoys a variety of music types, including classic rock, folk, and perhaps other genres, rather than having a strong inclination towards one over the other. Li Hua's openness to different musical styles indicates a broad appreciation for music rather than a strict preference for classical over pop.",,,,
N036,"What is the name of the restaurant where Li Hua and Wolfgang had dinner on the night of June 9, 2026?","Based on the conversation, Li Hua and Wolfgang did not have dinner on the night of June 9, 2026. In fact, they discussed having dinner at a different time, specifically aiming for the following weekend (Saturday night). This is evident from the dialogue where Li Hua mentions, ""Let’s aim for this weekend! I’m free on Saturday night. What about you?"" Wolfgang responds, ""Saturday night works for me! Looking forward to it. We can catch up and enjoy that cheesecake!"" Therefore, there is no restaurant named in the provided data for their dinner on June 9, 2026.",,,,
N037,"What toppings did Hailey put on the bread for Li Hua's next delivery, and what is the name of the bakery she gets her bread from?","Based on the interactions detailed in the sources, Hailey Johnson provides various types of bread to Li Hua through her doorstep service. For Li Hua's next delivery, Hailey recommends the rosemary focaccia. This type of bread is known for its savory flavors, typically enhanced with olive oil, sea salt, cherry tomatoes, or olives. The bakery that provides these breads to Li Hua is Hailey's bakery, which offers a variety of artisanal breads made from locally sourced ingredients. Li Hua seems very satisfied with the quality and flavors of the breads she receives from Hailey.",,,,
N038,What type of flowers were planted in the garden based on the residents' suggestions discussed by Turalyon?,"Based on the discussions in the conversations, several types of flowers were suggested by the residents for the garden. These included Bluebells, Camellias, and Tulips, which were mentioned specifically by Turalyon. Additionally, there was discussion about including a variety of colors and possibly some herbs to enhance the garden's appeal. However, the exact types of flowers chosen through the resident vote are not explicitly stated in the provided data. The initial purchases indicated by Turalyon included Bluebells, Camellias, and Tulips, which are notable examples of the types of flowers that were agreed upon for the garden. Therefore, while the final selection of flowers remains unknown, the Bluebells, Camellias, and Tulips appear to be the primary flowers considered based on the residents' suggestions.",,,,
N039,What type of protein shake does Li Hua prefer to drink before his workout sessions?,"Based on the conversation provided, Li Hua did not specifically mention his preference for a pre-workout protein shake. The discussion primarily revolves around post-workout hydration and recovery, including the benefits of consuming a protein shake after workouts. There is no information indicating that Li Hua prefers a pre-workout protein shake over other types of supplements or snacks. Therefore, we cannot determine what type of protein shake Li Hua prefers to consume before his workout sessions based solely on the given data.",,,,
N040,What type of traditional games did Wolfgang Schulz play with Li Hua during the Lunar New Year celebration?,"During the Lunar New Year celebration, Wolfgang Schulz and Li Hua discussed various activities that they could engage in. Wolfgang expressed interest in returning to his drumming routine, which he had been away from, while Li Hua shared her plans to focus on her gaming and TV series. Wolfgang suggested that they could also have a soccer game with the band, which Li Hua agreed to, emphasizing that Sundays should be dedicated to music rehearsals. There is no mention of traditional games being played specifically during the Lunar New Year celebration.",,,,
