qid,question,type,v3r_majority,answer_status,official_label,diag_label,label_match,p_unsupported,mass_supported,mass_unsupported,diag_latency_s
smoke_relation_swap,Did Maria attend the Riverside Book Fair?,smoke,,expected_UNSUPPORTED,,UNSUPPORTED,,0.9999989509988577,1.049001161040695e-06,0.9999989687795189,2.7115084159886464
smoke_entity_swap,Who recommended a banana and yogurt to Maria for recovery?,smoke,,expected_UNSUPPORTED,,UNSUPPORTED,,0.9999986417415914,1.3582583326574086e-06,0.9999985858019411,0.5168331250315532
smoke_date_shift,When is the neighborhood cleanup?,smoke,,expected_UNSUPPORTED,,UNSUPPORTED,,0.999998799711519,1.2002885115284144e-06,0.9999988250568146,1.41836133308243
smoke_supported_control,Where does the book club meet?,smoke,,expected_SUPPORTED,,SUPPORTED,,3.6420786613287657e-05,0.9999635558497664,3.642078576233524e-05,0.4271383329760283
1,"Did Wolfgang ask Li Hua about watching ""Star Wars: A New Hope"" after he asked Li Hua about going to see ""Overwatch 3""?",Multi,error,wrong,UNSUPPORTED,UNSUPPORTED,True,0.9999997499621497,2.500378532242495e-07,0.9999997613735662,1.0073551670648158
6,"Did Yuriko ask Li Hua for help with her studio's homepage before she booked a seat at the ""Central Perk"" cafe?",Multi,accurate,correct,UNSUPPORTED,UNSUPPORTED,True,0.9999668757323835,3.312426901001268e-05,0.9999669178024307,0.8781192910391837
10,"Did Wolfgang Schulz recommend the band learns ""Viva la Vida"" by Coldplay after he and Li Hua discussed what song to play this Sunday?",Multi,accurate,correct,UNSUPPORTED,UNSUPPORTED,True,0.952565281306047,0.04743472081155745,0.9525653238309423,0.9404307919321582
14,Did Chae tell Li Hua that taking a warm shower before sleeping can improve the sleep quality before sharing the neuroscience article with her?,Multi,accurate,correct,UNSUPPORTED,UNSUPPORTED,True,0.9999994437316307,5.562684395699757e-07,0.9999995702020067,0.9453329170355573
15,Did Li Hua ask Jennifer Moore for book recommendations on fitness nutrition before she announced the special guest speaker at the gym?,Multi,accurate,correct,UNSUPPORTED,UNSUPPORTED,True,0.9999982995172431,1.700482886471085e-06,0.9999983756960544,0.9001815000083297
16,Did Jennifer remind Li Hua about proper nutrition and hydration before Jake shared his tips for staying hydrated during the match?,Multi,accurate,correct,UNSUPPORTED,UNSUPPORTED,True,0.9996472861754392,0.00035271383189475723,0.9996473069608521,0.9246352500049397
19,Did Li Hua ask Thane about his opinion on The Last of Us before he asked about Sekiro: Shadows Die Twice?,Multi,accurate,correct,UNSUPPORTED,UNSUPPORTED,True,0.9999982485230623,1.7514769532883675e-06,0.9999982574359282,0.8804320000344887
21,Did the group members debate about the best football manager in the Premier League history after they debated if Pep Guardiola is the greatest soccer manager in football history?,Multi,accurate,correct,UNSUPPORTED,UNSUPPORTED,True,0.9858896176821849,0.014110383456978928,0.9858896972753333,0.9418297499651089
22,Did the discussion about Jaime Lannister's character occur after the discussion about Cersei Lannister's character?,Multi,neither,neither,UNSUPPORTED,UNSUPPORTED,True,0.9999947962696168,5.203730541712751e-06,0.9999948267503502,0.709659666987136
23,Did Wolfgang ask Li Hua if she wants to have pizza for dinner after work today before he wondered if she wanted to have Sichuan hot pot for dinner tonight?,Multi,accurate,correct,UNSUPPORTED,UNSUPPORTED,True,0.9999995419125713,4.5808742158761196e-07,0.9999995263903796,0.9668793330201879
24,Did Jennifer challenge Li Hua to do 60 pull-ups in a training session after she challenged him to do 100 pushups?,Multi,accurate,correct,UNSUPPORTED,UNSUPPORTED,True,0.9999856538537023,1.434614691697055e-05,0.9999856970106968,0.8920647919876501
25,Did Jake share common knowledge about offside in soccer with Li Hua before he passed practical techniques to Li Hua on how to avoid offside for a forward?,Multi,accurate,correct,UNSUPPORTED,UNSUPPORTED,True,0.9999823156853612,1.7684313504612335e-05,0.9999822515528894,0.9442775410134345
26,Did Wolfgang arrive in Hong Kong after he informed Li Hua about his upcoming trip?,Multi,accurate,correct,UNSUPPORTED,UNSUPPORTED,True,0.9999958245452157,4.1754549788665495e-06,0.9999958711665868,0.9700132090365514
28,"Who does Li Hua go to watch the movie ""Overwatch 3"" with?",Multi,,no_majority,UNSUPPORTED,UNSUPPORTED,True,0.9999991264782239,8.735217828858231e-07,0.9999991341589017,0.9274592910660431
29,Has Wolfgang ever been to Hong Kong?,Multi,error,wrong,UNSUPPORTED,UNSUPPORTED,True,0.9999317280965676,6.827190699681755e-05,0.9999317803011462,0.8846680829301476
30,Who knows about Wolfgang going to Hong Kong?,Multi,error,wrong,UNSUPPORTED,UNSUPPORTED,True,0.8536002160129096,0.1463997833345611,0.8536002122082655,0.8408638329710811
32,Who introduced the bread delivery service and recommend Alice for the delivery?,Multi,accurate,correct,UNSUPPORTED,UNSUPPORTED,True,0.9977738370331359,0.0022261630122337086,0.9977738573680051,0.9600604999577627
35,What opportunity did LiHua create for Chae to meet Wolfgang and Yuriko?,Multi,accurate,correct,UNSUPPORTED,UNSUPPORTED,True,0.9999509583447815,4.904165777172665e-05,0.9999510104069517,0.9273113750386983
41,Who does LiHua want to invite to the photo exhibition and who goes with him (during August)?,Multi,accurate,correct,UNSUPPORTED,UNSUPPORTED,True,0.9999949725718108,5.027428596042197e-06,0.9999950534780767,1.053441874915734
43,Is the time interval more than 3 days between LiHua asking Adam to help him install a curtain on the basement window and Adam asking LiHua to measure the size of the window?,Multi,error,wrong,UNSUPPORTED,UNSUPPORTED,True,0.9999978361241311,2.1638760318447766e-06,0.9999979113664429,0.9262185409897938
46,Is the time interval more than 3 days between LiHua first asking Adam if he can buy a small fridge for the basement and Adam asking LiHua about the size of the fridge?,Multi,accurate,correct,UNSUPPORTED,UNSUPPORTED,True,0.9999940072761562,5.992724220722054e-06,0.9999940701655278,0.9214252500096336
47,Is the time interval more than 7 days between Adam asking LiHua about the size of the fridge and Adam informing LiHua that the fridge will be delivered at 4pm next day?,Multi,accurate,correct,UNSUPPORTED,UNSUPPORTED,True,0.9999960591572284,3.940842969099326e-06,0.999996109310599,1.000004459056072
48,Wolfgang suddenly becomes very concerned about good body shape and healthy food choices in December. What are the two conversations he had with LiHua in December that reflect this?,Multi,error,wrong,UNSUPPORTED,UNSUPPORTED,True,0.9999991663781473,8.336218641145277e-07,0.9999991800914872,0.9581205829745159
49,Did Li Hua agree to have dinner with Wolfgang after he told Wolfgang about the lunch arrangement?,Multi,error,wrong,UNSUPPORTED,UNSUPPORTED,True,0.9999995552388262,4.447612301233769e-07,0.9999996817703947,0.9429337080800906
53,Did Li Hua provide feedback to Jennifer Moore on his new meal plan before he asked her for advice on a healthy meal plan?,Multi,accurate,correct,UNSUPPORTED,UNSUPPORTED,True,0.9999988496445753,1.1503554365254153e-06,0.9999988599858788,0.9746193749597296
55,Did Adam Smith send Li Hua a reminder about the upcoming rent due date before Li Hua sent a message about having already transferred the rent on 20260301?,Multi,error,wrong,UNSUPPORTED,UNSUPPORTED,True,0.9999985053332074,1.4946667899233131e-06,0.9999985035667046,0.92635700001847
60,Did Li Hua tell Wolfgang about making a new friend before Yuriko reminded the group members to meet for the music festival?,Multi,accurate,correct,UNSUPPORTED,UNSUPPORTED,True,0.9996565933179357,0.0003434066933048747,0.9996566260389097,0.9582182499580085
61,"Did Yuriko tell Li Hua about booking a seat at the ""Central Perk"" cafe before Li Hua sent her a message to confirm the details of their next meeting?",Multi,accurate,correct,UNSUPPORTED,UNSUPPORTED,True,0.9999624330948061,3.7566906019587926e-05,0.9999624550729656,1.0176842920482159
72,What is the name of the gym that Wolfgang recommended LiHua to go to?,Single,accurate,correct,UNSUPPORTED,UNSUPPORTED,True,0.9999947818977244,5.218102376321541e-06,0.9999948012270896,0.8873754579108208
89,When did Li Hua change the training plan?,Single,accurate,correct,UNSUPPORTED,UNSUPPORTED,True,0.8817786823622958,0.11822131472010167,0.8817786606007412,1.0196703750407323
114,When does Li Hua request a delivery from Hailey Johnson?,Single,error,wrong,UNSUPPORTED,UNSUPPORTED,True,0.9858631138606885,0.01413688613915584,0.9858631138498307,0.9690467920154333
128,What joke does Wolfgang make as an April Fool's joke?,Single,accurate,correct,UNSUPPORTED,UNSUPPORTED,True,0.9989034577317578,0.0010965422908862247,0.9989034783594606,0.8381893750047311
161,How does RexxarRemar plan to spend time in the garden once it's done?,Single,accurate,correct,UNSUPPORTED,UNSUPPORTED,True,0.9769469326553103,0.023053067303232394,0.9769469308984285,0.5675690410425887
173,What is the phone number for the maintenance worker that Adam Smith provided to Li Hua for the broken streetlight?,Single,accurate,correct,UNSUPPORTED,UNSUPPORTED,True,0.7787912362295554,0.22120876274560838,0.7787912326215,0.9233159580035135
183,What dietary restrictions does LiHua have in his conversation with Hailey?,Single,accurate,correct,UNSUPPORTED,UNSUPPORTED,True,0.9997543261295926,0.0002456738681553515,0.9997543169649243,0.9059619170147926
189,What is the main topic of the conversation between LiHua and ChaeSong-hwa on 20260626?,Single,error,wrong,UNSUPPORTED,UNSUPPORTED,True,0.9999520223020529,4.797769789181891e-05,0.9999520211493341,0.9388619579840451
225,Who offers to help with setting up for the garage sale?,Single,accurate,correct,UNSUPPORTED,UNSUPPORTED,True,0.9958701605768826,0.00412983942118255,0.9958701601103087,0.9471081669908017
245,Which regions in Witcher 3 did Li Hua and Thane Chambers discuss?,Single,accurate,correct,UNSUPPORTED,UNSUPPORTED,True,0.9394187308888987,0.06058127084798192,0.9394187578222771,0.9903792080003768
251,What toppings does Wolfgang Schulz prefer on his burger?,Single,error,wrong,UNSUPPORTED,UNSUPPORTED,True,0.9887714502594391,0.0112285506070265,0.9887715265592735,1.0807546670548618
255,Who is the most hateable character in Game of Thrones in Orion's opinion?,Single,accurate,correct,UNSUPPORTED,UNSUPPORTED,True,0.9999996869974552,3.130025451549579e-07,0.9999996883137394,0.7858566249487922
256,Who is the most hateable character in Game of Thrones in Merrick's opinion?,Single,accurate,correct,UNSUPPORTED,UNSUPPORTED,True,0.9999993437161376,6.562838257434084e-07,0.9999992878525488,0.7729534580139443
275,How many servings of vegetables should LiHua aim for each day to keep body in good shape according to Jennifer?,Single,accurate,correct,SUPPORTED,SUPPORTED,True,0.32319310909467563,0.676806885984551,0.3231931067448767,1.0392129579558969
277,What is Jake's first tip for avoiding soccer injuries?,Single,accurate,correct,SUPPORTED,SUPPORTED,True,0.03782875118524229,0.9621712881363863,0.037828752731212514,0.8985001660184935
280,How does strength training help prevent soccer injuries?,Single,accurate,correct,UNSUPPORTED,UNSUPPORTED,True,0.3216374710436394,0.6783625594771066,0.3216374855146857,0.8961799170356244
287,What memorable quote is mentioned by Phaedra?,Single,accurate,correct,UNSUPPORTED,UNSUPPORTED,True,0.9957296984270464,0.0042703017241642995,0.9957297336856551,0.877034124918282
294,How does Niamh think Jaime could've ended up differently?,Single,accurate,correct,UNSUPPORTED,UNSUPPORTED,True,0.9707375911509377,0.029262409255038303,0.9707376046185975,0.6170319579541683
296,"What is LiHua curious about regarding the ""Man in Black"" in Westworld?",Single,accurate,correct,UNSUPPORTED,UNSUPPORTED,True,0.9958945162141374,0.004105483912030396,0.9958945468195113,0.9546612920239568
341,How does Fionnuala describe the convenience of the Control Center's audio settings adjustment?,Single,accurate,correct,UNSUPPORTED,UNSUPPORTED,True,0.9995003174718261,0.0004996825311483908,0.9995003234217265,1.0306524999905378
390,What time does LiHua propose for dinner on 20260930?,Single,accurate,correct,UNSUPPORTED,UNSUPPORTED,True,0.9996545794256765,0.00034542058254622386,0.9996546032226009,1.014227999956347
396,What does Giselle emphasize about passing drills?,Single,accurate,correct,UNSUPPORTED,UNSUPPORTED,True,0.9999994809189096,5.190810531413735e-07,0.9999994089555905,1.0432541670743376
404,What game is ThaneChambers currently playing?,Single,accurate,correct,UNSUPPORTED,UNSUPPORTED,True,0.9819336299355561,0.018066370576818345,0.9819336577838491,0.910213291994296
476,Who offers to help with the installation of the curtains?,Single,accurate,correct,SUPPORTED,SUPPORTED,True,0.32424522649569226,0.6757547352901866,0.32424520815953417,0.908782166079618
551,What TV show does EmilyBurnett recommend LiHua to watch?,Single,error,wrong,SUPPORTED,SUPPORTED,True,0.06101073376246077,0.9389891856253213,0.061010728524689965,0.8677268750034273
572,What time will Li Hua and Wolfgang meet for breakfast on the morning of the 9th?,Null,error,wrong,UNSUPPORTED,UNSUPPORTED,True,0.9999990376751496,9.6232490611456e-07,0.9999990957475409,0.9312407500110567
573,What type of equipment does Wolfgang Schulz use when he works out at the gym?,Null,accurate,correct,UNSUPPORTED,UNSUPPORTED,True,0.9999996566741824,3.433258003764376e-07,0.9999996064161952,0.8202107499819249
574,"What type of exercise does Li Hua prefer to do at the gym, and what time does Wolfgang usually go to the gym?",Null,accurate,correct,UNSUPPORTED,UNSUPPORTED,True,0.9999994142821871,5.857178351052394e-07,0.9999994521445164,0.8485613750526682
575,What type of traditional games did Wolfgang Schulz play with Li Hua during the Lunar New Year celebration?,Null,accurate,correct,UNSUPPORTED,UNSUPPORTED,True,0.9999996932600357,3.0673997492980174e-07,0.9999997277919922,0.9552169170929119
576,"What did Li Hua eat for dinner on January 20, 2026?",Null,accurate,correct,UNSUPPORTED,UNSUPPORTED,True,0.9999996892524835,3.1074753885749043e-07,0.9999997614994015,0.8002575830323622
577,What specific suggestions did Li Hua have regarding the construction schedule during the last community meeting?,Null,accurate,correct,UNSUPPORTED,UNSUPPORTED,True,0.9999989888714986,1.0111284532599668e-06,0.9999989413792899,0.9124599170172587
578,What movie did Li Hua and Wolfgang decide to watch together on New Year's Eve 2026?,Null,error,wrong,UNSUPPORTED,UNSUPPORTED,True,0.9999990091535241,9.908465551549085e-07,0.999999089217593,1.0238819170044735
579,What dish did Li Hua order for dessert after having Sichuan hot pot with Wolfgang Schulz?,Null,accurate,correct,UNSUPPORTED,UNSUPPORTED,True,0.9999998213684123,1.7863159191953797e-07,0.9999998449806187,1.0297132080886513
580,What were the specific requirements that the customers modified and how did Li Hua respond to each change?,Null,error,wrong,UNSUPPORTED,UNSUPPORTED,True,0.9998564717156383,0.0001435282996209865,0.9998565780154032,1.0925502920290455
581,"What payment method did Li Hua use to purchase groceries from the store on April 15, 2026?",Null,accurate,correct,UNSUPPORTED,UNSUPPORTED,True,0.9999997387175947,2.6128241105629246e-07,0.9999997614144948,1.0682299579493701
582,What specific diet did Li Hua follow to achieve his fitness results that Jennifer Moore recommended?,Null,accurate,correct,UNSUPPORTED,UNSUPPORTED,True,0.999994655556937,5.344443208008408e-06,0.9999946826881378,1.0696476249722764
583,What alternative training sports does Li Hua consider besides the current routine mentioned in his conversation with Jennifer?,Null,error,wrong,UNSUPPORTED,UNSUPPORTED,True,0.9999263893671678,7.361063827513836e-05,0.9999264633038866,0.8330972499679774
584,What type of diet is Li Hua following to support his training regimen and sleep schedule?,Null,error,wrong,UNSUPPORTED,UNSUPPORTED,True,0.999991528089118,8.4719114097787e-06,0.9999915903847104,1.0441172081045806
585,What type of protein shake does Li Hua prefer to drink before his workout sessions?,Null,accurate,correct,UNSUPPORTED,UNSUPPORTED,True,0.9999992306974361,7.693025824040196e-07,0.9999992546484116,1.0504137079697102
586,What specific brand of protein supplement does Jennifer recommend for Li Hua's weight loss journey?,Null,accurate,correct,UNSUPPORTED,UNSUPPORTED,True,0.999999276087011,7.239130313337003e-07,0.9999993346720452,0.874254124937579
587,What specific colors of paint does Li Hua plan to use for the basement walls after decorating with potted plants?,Null,accurate,correct,UNSUPPORTED,UNSUPPORTED,True,0.9999996629709031,3.3702909038764445e-07,0.9999996439128004,0.8591473340056837
588,What color did Li Hua decide to paint the walls of the basement after completing the renovation?,Null,accurate,correct,UNSUPPORTED,UNSUPPORTED,True,0.9999998227301128,1.7726989818679424e-07,0.9999998845277659,1.0612344589317217
589,"What specific design features did Li Hua suggest for Yuriko's studio homepage during their meeting at ""Central Perk""?",Null,error,wrong,UNSUPPORTED,UNSUPPORTED,True,0.9889050810727458,0.011094919720619323,0.9889051517864547,0.9024172920035198
590,What is the name of the concert that Wolfgang and Li Hua will attend on March 7th?,Null,accurate,correct,SUPPORTED,SUPPORTED,True,0.3236827985911236,0.6763172000585866,0.3236827979448801,0.9255800839746371
591,What type of cake does Li Hua plan to bring to the meeting with Yuriko to celebrate her studio's homepage redesign?,Null,accurate,correct,UNSUPPORTED,UNSUPPORTED,True,0.9999989844811599,1.0155187896970257e-06,0.9999989348651417,0.9614774999208748
592,What color did Li Hua paint his house before the community garden renovation began?,Null,accurate,correct,UNSUPPORTED,UNSUPPORTED,True,0.9999989031956529,1.0968043432773002e-06,0.9999988996496472,0.8994985410245135
593,What specific dietary changes did Li Hua implement in his training regimen as a result of Jennifer's advice on endurance and flexibility?,Null,accurate,correct,UNSUPPORTED,UNSUPPORTED,True,0.9999995694593153,4.305407006447622e-07,0.9999996063964854,0.9029005831107497
594,"What specific feedback did Yuriko give to Li Hua about the demo website during their meeting at the cafe ""Central Perk"" on Thursday morning, and how did Li Hua respond to her comments?",Null,error,wrong,UNSUPPORTED,UNSUPPORTED,True,0.9858545932000841,0.014145405857006393,0.9858545274846373,0.999970291974023
595,What is the exact reason for Li Hua's unexpected work meeting on Thursday?,Null,accurate,correct,UNSUPPORTED,UNSUPPORTED,True,0.9999996561005309,3.4389946487109045e-07,0.9999996439877302,0.9529072080040351
596,"What toppings did Hailey put on the bread for Li Hua's next delivery, and what is the name of the bakery she gets her bread from?",Null,error,wrong,UNSUPPORTED,UNSUPPORTED,True,0.9856627605916716,0.014337239614585886,0.9856627747715552,1.049188166973181
597,What is the favorite type of music that Li Hua and Yuriko plan to play together?,Null,error,wrong,UNSUPPORTED,UNSUPPORTED,True,0.976984642785572,0.023015356844959513,0.9769846271019094,0.9920349169988185
598,What are the specific reasons why Li Hua prefers classical music over pop music in their discussions?,Null,accurate,correct,UNSUPPORTED,UNSUPPORTED,True,0.9999966217820034,3.3782179430842214e-06,0.9999966059307756,0.9373549170559272
599,What song did Yuriko and Wolfgang decide to perform together after watching the drum tutorial?,Null,accurate,correct,UNSUPPORTED,UNSUPPORTED,True,0.999999711878831,2.881211734973294e-07,0.9999997277325545,0.9611745409201831
600,"What type of feedback did Li Hua provide to Chae regarding the community medical knowledge lecture, and what is Wolfgang's role in the band rehearsal?",Null,error,wrong,UNSUPPORTED,UNSUPPORTED,True,0.99997324301185,2.6756987291832696e-05,0.9999732109390164,1.0474772080779076
601,What is the name of the last song Wolfgang played using the new drum practice app?,Null,accurate,correct,UNSUPPORTED,UNSUPPORTED,True,0.999999620278493,3.797215160673686e-07,0.9999996440130863,0.8849931249860674
602,What flavor of new bread products did Li Hua really enjoy at the bakery's anniversary event?,Null,error,wrong,UNSUPPORTED,UNSUPPORTED,True,0.9991546554289825,0.0008453445834608983,0.9991546701364793,0.9410121670225635
603,What is the name of the song that Li Hua will sing at the karaoke on 20260425?,Null,accurate,correct,UNSUPPORTED,UNSUPPORTED,True,0.9999996760674843,3.2393249321117676e-07,0.9999996064638372,1.1369067080086097
604,What flavor of cake did Hailey plan to bake for the bakery's anniversary celebration in February?,Null,accurate,correct,UNSUPPORTED,UNSUPPORTED,True,0.9999997074150745,2.925849315932968e-07,0.9999997277499483,1.0501554999500513
605,What type of dessert did Wolfgang plan to order for Li Hua during their dinner celebration?,Null,accurate,correct,UNSUPPORTED,UNSUPPORTED,True,0.9999998804824528,1.1951755277186215e-07,0.9999999265672288,1.0491576249478385
606,What were Raze's personal reasons for becoming a fitness coach before discussing pull-up techniques?,Null,accurate,correct,UNSUPPORTED,UNSUPPORTED,True,0.9999996722499948,3.277499990068422e-07,0.9999996532484231,0.7668377499794587
607,"What new species of flowers will be featured in the community garden renovation, according to the feedback provided by Li Hua during the progress reports?",Null,neither,neither,UNSUPPORTED,UNSUPPORTED,True,0.9999989927250797,1.0072749056794725e-06,0.999998978275111,0.8774427500320598
608,What specific construction projects were discussed at the meeting between Turalyon and the residents regarding noise control?,Null,error,wrong,UNSUPPORTED,UNSUPPORTED,True,0.7323789203933345,0.2676210599517897,0.732378866605282,1.008221499971114
609,What is the amount of rent Li Hua owes to Adam Smith for the months of April and May?,Null,accurate,correct,UNSUPPORTED,UNSUPPORTED,True,0.9999960531790991,3.9468210580791866e-06,0.9999960929887375,1.0169822499155998
610,What song did Li Hua perform at the local music festival in 2026?,Null,accurate,correct,UNSUPPORTED,UNSUPPORTED,True,0.9999995878730589,4.1212696526942157e-07,0.9999996463810754,0.8648158749565482
611,"What is the name of the restaurant where Li Hua and Wolfgang had dinner on the night of June 9, 2026?",Null,accurate,correct,UNSUPPORTED,UNSUPPORTED,True,0.9999997971991572,2.0280083555954917e-07,0.9999997614740455,0.9891198750119656
612,What is the nutritional value of the new line of high-protein breads compared to traditional white bread?,Null,accurate,correct,UNSUPPORTED,UNSUPPORTED,True,0.9999994839469899,5.160529937065525e-07,0.9999994520782929,1.0314852920128033
613,What specific sleep techniques did Li Hua use to improve her study habits after reading the neuroscience article and discussing the warm shower with Chae?,Null,neither,neither,UNSUPPORTED,UNSUPPORTED,True,0.9999996706937953,3.2930619970537167e-07,0.9999996553740159,1.0565450829453766
614,What type of special dietary restrictions does Li Hua follow when preparing meals for his family?,Null,accurate,correct,UNSUPPORTED,UNSUPPORTED,True,0.9999995274487061,4.7255131102211955e-07,0.9999995635275867,0.7515581250190735
615,"What is the total cost of the air conditioner installation, including labor and materials, if Li Hua had previously discussed a budget of $2,000 with a different contractor?",Null,accurate,correct,UNSUPPORTED,UNSUPPORTED,True,0.9999996828457942,3.171541964999781e-07,0.9999996532680238,0.8081723339855671
616,What type of fusion music does Wolfgang Schulz plan to create with Li Hua during their weekend trip to the music store?,Null,,no_majority,UNSUPPORTED,UNSUPPORTED,True,0.9045222953491802,0.09547770491981272,0.9045222978975249,0.8475134170148522
617,What type of flowers were planted in the garden based on the residents' suggestions discussed by Turalyon?,Null,error,wrong,UNSUPPORTED,UNSUPPORTED,True,0.9911801887932018,0.008819811587116132,0.9911802315337455,0.6501520409947261
618,"What type of air-conditioner did Li Hua select for Adam's living room, and how does its temperature regulation compare to the one in the basement?",Null,neither,neither,UNSUPPORTED,UNSUPPORTED,True,0.9999986845190479,1.3154809788143866e-06,0.9999987048315733,0.9882890000008047
619,What were Li Hua's specific fitness goals and how did Jennifer's advice on nutrition influence them during his training for a marathon?,Null,error,wrong,UNSUPPORTED,UNSUPPORTED,True,0.9991524823588614,0.0008475176800189882,0.9991525281954936,0.927231042063795
620,What are the sales figures for the PS5 exclusive games released in 2026 that Thane discussed with group members?,Null,accurate,correct,UNSUPPORTED,UNSUPPORTED,True,0.9999998900662346,1.099337604393421e-07,0.999999844944568,0.9265339589910582
621,"What specific techniques did Li Hua use to prepare for a marathon race that took place on September 1, 2026?",Null,accurate,correct,UNSUPPORTED,UNSUPPORTED,True,0.9999995300201736,4.699798071531807e-07,0.999999489133099,0.8503894159803167
622,What food did Emily order for the group's discussion about Game of Thrones characters?,Null,accurate,correct,UNSUPPORTED,UNSUPPORTED,True,0.9999998683471875,1.3165280943080616e-07,0.9999998449551177,0.7994659589603543
623,"What type of protein supplements did Li Hua use after the workout on September 19, 2026?",Null,accurate,correct,UNSUPPORTED,UNSUPPORTED,True,0.9999994735188882,5.264811591222323e-07,0.9999995636566962,1.066158208064735
624,What color was the curtain that Li Hua chose for his living room?,Null,accurate,correct,UNSUPPORTED,UNSUPPORTED,True,0.9999998827093559,1.1729064420501692e-07,0.9999998837883338,1.1727935000089929
625,What specific measurements did Li Hua take for the window size before the installation of the curtain?,Null,error,wrong,UNSUPPORTED,UNSUPPORTED,True,0.8809893030657496,0.11901069330106002,0.8809892761706728,0.9479416670510545
626,What is Thane's favorite type of food that he enjoys while playing video games?,Null,accurate,correct,UNSUPPORTED,UNSUPPORTED,True,0.9999990997492855,9.002506771675611e-07,0.9999990581786563,0.8825414170278236
627,What were the specific details of the negotiation between Jake Watson and Li Hua regarding player transfers from FC Barcelona to FC Bayern Munich?,Null,accurate,correct,UNSUPPORTED,UNSUPPORTED,True,0.9999994090746802,5.909253197142567e-07,0.9999994089730174,0.9347845420707017
628,What was the final match score of the 2025 UEFA Champions League final?,Null,accurate,correct,UNSUPPORTED,UNSUPPORTED,True,0.9999983810027512,1.6189971835316937e-06,0.9999983406549809,0.9179690419696271
629,What was the exact date and time when Cersei Lannister first met Jaime Lannister in the Game of Thrones series?,Null,accurate,correct,UNSUPPORTED,UNSUPPORTED,True,0.999999874004382,1.2599561940552913e-07,0.9999998845359622,0.7422114169457927
630,What type of dessert did Wolfgang plan to have with Li Hua after their hot pot dinner on a different day?,Null,accurate,correct,UNSUPPORTED,UNSUPPORTED,True,0.9999996648969313,3.3510306177417945e-07,0.9999996439128004,0.9176088329404593
631,What did Jennifer say to Li Hua about their plan for a team swimming competition in December?,Null,accurate,correct,UNSUPPORTED,UNSUPPORTED,True,0.9999991295482058,8.70451833055372e-07,0.9999991742035006,0.8841374160256237
632,What strategy did Li Hua use to score a goal in the championship match against their rival team?,Null,accurate,correct,UNSUPPORTED,UNSUPPORTED,True,0.9999997103459364,2.8965406871281247e-07,0.9999997277172045,0.8770696659339592
633,What is Li Hua's favorite type of exercise outside of pull-ups?,Null,neither,neither,UNSUPPORTED,UNSUPPORTED,True,0.9999969891317911,3.010868369003021e-06,0.9999970422893895,0.8797285419423133
634,What time did Chae first suggest they visit the music festival in the morning?,Null,accurate,correct,UNSUPPORTED,UNSUPPORTED,True,0.9999995087238087,4.912762181673019e-07,0.9999995635698217,0.9248152499785647
635,What are the reasons behind Jennifer and Li Hua's decision to change their training routine for the following month?,Null,error,wrong,UNSUPPORTED,UNSUPPORTED,True,0.999852062340364,0.00014793767045385913,0.999852135453285,1.0094852080801502
636,What specific gifts did Wolfgang buy for Li Hua during his trip to Hong Kong?,Null,neither,neither,UNSUPPORTED,UNSUPPORTED,True,0.9999997519917893,2.4800821307093333e-07,0.9999997614516689,0.9204290000488982
